"","Kommune","Age 0-9","Age 10-19","Age 20-29","Age 30-39","Age 40-49","Age 50-59","Age 60-69","Age 70-79","Age 80-89","Age 90-98","Age 100 or more","No_education","Pensionist","Population Density"
"1","Moss","5020","6070","5613","6299","6709","7633","6070","5238","2147","427","14","308","10210","393"
"2","Sarpsborg","6241","7285","7020","7651","7749","8167","6690","5500","2263","466","6","278","10819","157"
"3","Fredrikstad","8271","10195","9881","10703","10587","12395","10308","8080","3366","652","6","464","16220","295"
"4","Drammen","10732","12614","12263","14615","14325","14121","10975","8990","3851","785","20","604","17990","335"
"5","Kongsberg","2838","3660","3241","3710","3960","3943","3249","2834","1129","225","4","118","5536","37"
"6","Ringerike","2902","3603","3555","3960","4137","4439","3979","3265","1331","266","7","141","6600","22"
"7","Hvaler","330","492","352","353","566","763","930","748","196","32","0","12","1378","53"
"8","Aremark","104","135","151","118","149","220","208","153","75","15","1","3","335","5"
"9","Marker","323","382","352","392","406","563","496","467","208","49","1","17","918","10"
"10","Indre","4875","5634","4968","6007","6155","6807","5362","4507","1661","398","8","266","8624","60"
"11","Indre","4875","5634","4968","6007","6155","6807","5362","4507","1661","398","8","266","8624","10"
"12","Indre","4875","5634","4968","6007","6155","6807","5362","4507","1661","398","8","266","8624","60"
"13","Indre","4875","5634","4968","6007","6155","6807","5362","4507","1661","398","8","266","8624","10"
"14","Indre","4875","5634","4968","6007","6155","6807","5362","4507","1661","398","8","266","8624","60"
"15","Indre","4875","5634","4968","6007","6155","6807","5362","4507","1661","398","8","266","8624","10"
"16","Indre","4875","5634","4968","6007","6155","6807","5362","4507","1661","398","8","266","8624","60"
"17","Indre","4875","5634","4968","6007","6155","6807","5362","4507","1661","398","8","266","8624","10"
"18","Indre","4875","5634","4968","6007","6155","6807","5362","4507","1661","398","8","266","2358","60"
"19","Indre","4875","5634","4968","6007","6155","6807","5362","4507","1661","398","8","266","2358","10"
"20","Indre","4875","5634","4968","6007","6155","6807","5362","4507","1661","398","8","266","2358","60"
"21","Indre","4875","5634","4968","6007","6155","6807","5362","4507","1661","398","8","266","2358","10"
"22","Indre","4875","5634","4968","6007","6155","6807","5362","4507","1661","398","8","266","2358","60"
"23","Indre","4875","5634","4968","6007","6155","6807","5362","4507","1661","398","8","266","2358","10"
"24","Indre","4875","5634","4968","6007","6155","6807","5362","4507","1661","398","8","266","2358","60"
"25","Indre","4875","5634","4968","6007","6155","6807","5362","4507","1661","398","8","266","2358","10"
"26","Indre","4875","5634","4968","6007","6155","6807","5362","4507","1661","398","8","21","8624","60"
"27","Indre","4875","5634","4968","6007","6155","6807","5362","4507","1661","398","8","21","8624","10"
"28","Indre","4875","5634","4968","6007","6155","6807","5362","4507","1661","398","8","21","8624","60"
"29","Indre","4875","5634","4968","6007","6155","6807","5362","4507","1661","398","8","21","8624","10"
"30","Indre","4875","5634","4968","6007","6155","6807","5362","4507","1661","398","8","21","8624","60"
"31","Indre","4875","5634","4968","6007","6155","6807","5362","4507","1661","398","8","21","8624","10"
"32","Indre","4875","5634","4968","6007","6155","6807","5362","4507","1661","398","8","21","8624","60"
"33","Indre","4875","5634","4968","6007","6155","6807","5362","4507","1661","398","8","21","8624","10"
"34","Indre","4875","5634","4968","6007","6155","6807","5362","4507","1661","398","8","21","2358","60"
"35","Indre","4875","5634","4968","6007","6155","6807","5362","4507","1661","398","8","21","2358","10"
"36","Indre","4875","5634","4968","6007","6155","6807","5362","4507","1661","398","8","21","2358","60"
"37","Indre","4875","5634","4968","6007","6155","6807","5362","4507","1661","398","8","21","2358","10"
"38","Indre","4875","5634","4968","6007","6155","6807","5362","4507","1661","398","8","21","2358","60"
"39","Indre","4875","5634","4968","6007","6155","6807","5362","4507","1661","398","8","21","2358","10"
"40","Indre","4875","5634","4968","6007","6155","6807","5362","4507","1661","398","8","21","2358","60"
"41","Indre","4875","5634","4968","6007","6155","6807","5362","4507","1661","398","8","21","2358","10"
"42","Skiptvet","410","505","413","490","531","548","448","379","120","42","0","13","711","41"
"43","Rakkestad","845","981","902","987","1123","1201","1076","869","316","69","2","47","1683","20"
"44","Råde","895","1039","893","1019","1113","1151","994","794","329","89","1","78","1617","73"
"45","Våler","802","783","549","952","867","806","638","445","164","17","0","14","878","25"
"46","Våler","802","783","549","952","867","806","638","445","164","17","0","14","878","5"
"47","Våler","802","783","549","952","867","806","638","445","164","17","0","14","878","25"
"48","Våler","802","783","549","952","867","806","638","445","164","17","0","14","878","5"
"49","Våler","802","783","549","952","867","806","638","445","164","17","0","14","878","25"
"50","Våler","802","783","549","952","867","806","638","445","164","17","0","14","878","5"
"51","Våler","802","783","549","952","867","806","638","445","164","17","0","14","878","25"
"52","Våler","802","783","549","952","867","806","638","445","164","17","0","14","878","5"
"53","Våler","802","783","549","952","867","806","638","445","164","17","0","14","1000","25"
"54","Våler","802","783","549","952","867","806","638","445","164","17","0","14","1000","5"
"55","Våler","802","783","549","952","867","806","638","445","164","17","0","14","1000","25"
"56","Våler","802","783","549","952","867","806","638","445","164","17","0","14","1000","5"
"57","Våler","802","783","549","952","867","806","638","445","164","17","0","14","1000","25"
"58","Våler","802","783","549","952","867","806","638","445","164","17","0","14","1000","5"
"59","Våler","802","783","549","952","867","806","638","445","164","17","0","14","1000","25"
"60","Våler","802","783","549","952","867","806","638","445","164","17","0","14","1000","5"
"61","Våler","802","783","549","952","867","806","638","445","164","17","0","14","878","25"
"62","Våler","802","783","549","952","867","806","638","445","164","17","0","14","878","5"
"63","Våler","802","783","549","952","867","806","638","445","164","17","0","14","878","25"
"64","Våler","802","783","549","952","867","806","638","445","164","17","0","14","878","5"
"65","Våler","802","783","549","952","867","806","638","445","164","17","0","14","878","25"
"66","Våler","802","783","549","952","867","806","638","445","164","17","0","14","878","5"
"67","Våler","802","783","549","952","867","806","638","445","164","17","0","14","878","25"
"68","Våler","802","783","549","952","867","806","638","445","164","17","0","14","878","5"
"69","Våler","802","783","549","952","867","806","638","445","164","17","0","14","1000","25"
"70","Våler","802","783","549","952","867","806","638","445","164","17","0","14","1000","5"
"71","Våler","802","783","549","952","867","806","638","445","164","17","0","14","1000","25"
"72","Våler","802","783","549","952","867","806","638","445","164","17","0","14","1000","5"
"73","Våler","802","783","549","952","867","806","638","445","164","17","0","14","1000","25"
"74","Våler","802","783","549","952","867","806","638","445","164","17","0","14","1000","5"
"75","Våler","802","783","549","952","867","806","638","445","164","17","0","14","1000","25"
"76","Våler","802","783","549","952","867","806","638","445","164","17","0","14","1000","5"
"77","Vestby","2351","2572","1721","2502","2781","2805","1888","1784","598","83","4","79","3249","140"
"78","Nordre","7400","8589","6268","8101","8857","8644","6488","5092","2330","466","10","254","10370","311"
"79","Nordre","7400","8589","6268","8101","8857","8644","6488","5092","2330","466","10","254","10370","7"
"80","Nordre","7400","8589","6268","8101","8857","8644","6488","5092","2330","466","10","254","10370","311"
"81","Nordre","7400","8589","6268","8101","8857","8644","6488","5092","2330","466","10","254","10370","7"
"82","Nordre","7400","8589","6268","8101","8857","8644","6488","5092","2330","466","10","254","10370","311"
"83","Nordre","7400","8589","6268","8101","8857","8644","6488","5092","2330","466","10","254","10370","7"
"84","Nordre","7400","8589","6268","8101","8857","8644","6488","5092","2330","466","10","254","10370","311"
"85","Nordre","7400","8589","6268","8101","8857","8644","6488","5092","2330","466","10","254","10370","7"
"86","Nordre","7400","8589","6268","8101","8857","8644","6488","5092","2330","466","10","254","1533","311"
"87","Nordre","7400","8589","6268","8101","8857","8644","6488","5092","2330","466","10","254","1533","7"
"88","Nordre","7400","8589","6268","8101","8857","8644","6488","5092","2330","466","10","254","1533","311"
"89","Nordre","7400","8589","6268","8101","8857","8644","6488","5092","2330","466","10","254","1533","7"
"90","Nordre","7400","8589","6268","8101","8857","8644","6488","5092","2330","466","10","254","1533","311"
"91","Nordre","7400","8589","6268","8101","8857","8644","6488","5092","2330","466","10","254","1533","7"
"92","Nordre","7400","8589","6268","8101","8857","8644","6488","5092","2330","466","10","254","1533","311"
"93","Nordre","7400","8589","6268","8101","8857","8644","6488","5092","2330","466","10","254","1533","7"
"94","Nordre","7400","8589","6268","8101","8857","8644","6488","5092","2330","466","10","19","10370","311"
"95","Nordre","7400","8589","6268","8101","8857","8644","6488","5092","2330","466","10","19","10370","7"
"96","Nordre","7400","8589","6268","8101","8857","8644","6488","5092","2330","466","10","19","10370","311"
"97","Nordre","7400","8589","6268","8101","8857","8644","6488","5092","2330","466","10","19","10370","7"
"98","Nordre","7400","8589","6268","8101","8857","8644","6488","5092","2330","466","10","19","10370","311"
"99","Nordre","7400","8589","6268","8101","8857","8644","6488","5092","2330","466","10","19","10370","7"
"100","Nordre","7400","8589","6268","8101","8857","8644","6488","5092","2330","466","10","19","10370","311"
"101","Nordre","7400","8589","6268","8101","8857","8644","6488","5092","2330","466","10","19","10370","7"
"102","Nordre","7400","8589","6268","8101","8857","8644","6488","5092","2330","466","10","19","1533","311"
"103","Nordre","7400","8589","6268","8101","8857","8644","6488","5092","2330","466","10","19","1533","7"
"104","Nordre","7400","8589","6268","8101","8857","8644","6488","5092","2330","466","10","19","1533","311"
"105","Nordre","7400","8589","6268","8101","8857","8644","6488","5092","2330","466","10","19","1533","7"
"106","Nordre","7400","8589","6268","8101","8857","8644","6488","5092","2330","466","10","19","1533","311"
"107","Nordre","7400","8589","6268","8101","8857","8644","6488","5092","2330","466","10","19","1533","7"
"108","Nordre","7400","8589","6268","8101","8857","8644","6488","5092","2330","466","10","19","1533","311"
"109","Nordre","7400","8589","6268","8101","8857","8644","6488","5092","2330","466","10","19","1533","7"
"110","Ås","2382","2600","3560","3009","2901","2695","1936","1439","669","156","3","88","2903","206"
"111","Frogn","1421","2068","1487","1613","2042","2730","2200","1697","721","127","0","66","3419","189"
"112","Nesodden","2486","2693","1717","2405","3078","2971","2457","1729","646","137","3","86","3400","327"
"113","Bærum","15601","17243","12559","16703","18764","18026","14518","10237","4835","1348","40","559","21419","682"
"114","Asker","11370","13053","9432","12255","14133","14381","10738","8118","3589","701","14","387","16339","264"
"115","Aurskog-Høland","1845","2187","1748","2267","2417","2762","2051","1801","702","160","5","60","3508","17"
"116","Rælingen","2492","2570","2143","3042","2992","2618","1851","1319","521","69","1","106","2617","340"
"117","Enebakk","1229","1619","1113","1500","1788","1714","1153","919","312","44","1","48","1715","58"
"118","Lørenskog","5634","5524","6067","7323","6341","6238","4564","3538","1324","242","2","331","6830","667"
"119","Lillestrøm","10322","11730","10979","13122","13285","13199","8751","6527","3010","580","10","484","13465","217"
"120","Nittedal","3095","3584","2449","3298","3948","3883","2432","1843","781","127","0","122","3659","139"
"121","Gjerdrum","761","986","733","909","1043","1216","744","624","233","36","0","20","1183","85"
"122","Ullensaker","5155","5774","5341","6721","6325","5870","3661","2706","1122","188","3","247","5452","166"
"123","Nes","2818","2877","2527","3514","3279","3525","2787","2099","705","146","6","103","4055","39"
"124","Eidsvoll","3239","3415","2918","4150","3875","3659","2888","2269","798","127","0","138","4327","69"
"125","Nannestad","1872","1966","1818","2457","2319","2201","1434","1032","351","77","3","77","2052","47"
"126","Hurdal","300","320","284","368","379","428","392","305","134","33","1","8","633","11"
"127","Hole","789","917","522","807","1044","1040","830","637","231","70","1","20","1273","51"
"128","Flå","95","114","129","129","115","160","144","127","69","15","0","4","269","2"
"129","Nesbyen","257","350","337","355","356","513","483","429","166","53","0","6","868","4"
"130","Gol","427","544","558","550","588","733","577","484","253","52","1","24","1030","9"
"131","Hemsedal","289","288","287","422","406","387","252","199","91","23","1","7","408","4"
"132","Ål","422","627","539","521","575","679","674","526","225","70","4","19","1119","4"
"133","Hol","408","461","443","630","563","607","622","526","203","39","4","27","1031","3"
"134","Sigdal","270","415","316","351","426","527","517","434","181","40","2","13","907","4"
"135","Krødsherad","214","256","174","289","287","295","349","235","85","27","0","9","518","6"
"136","Modum","1437","1662","1511","1852","1878","1969","1956","1529","589","141","3","57","3111","31"
"137","Øvre","2218","2418","2353","2844","2796","2790","2331","1837","731","172","5","96","3689","48"
"138","Lier","3235","3650","2748","3823","4130","4065","3084","2345","905","176","6","149","4583","98"
"139","Flesberg","288","303","293","343","313","376","370","296","117","37","1","8","623","5"
"140","Rollag","123","123","152","140","149","180","217","165","86","30","1","5","375","3"
"141","Nore","192","279","273","254","280","386","356","293","137","36","0","11","619","1"
"142","Jevnaker","709","816","722","874","865","1062","877","717","285","61","2","31","1418","36"
"143","Lunner","975","1145","879","1164","1230","1431","1186","914","312","69","2","30","1817","34"
"144","Oslo","75203","70789","121536","136605","97974","81929","59688","43211","17326","4547","229","5475","84179","1643"
"145","Kongsvinger","1576","2038","1878","1993","2064","2685","2444","2235","880","172","1","82","4313","19"
"146","Hamar","3063","3628","4004","4105","3940","4266","3949","3558","1459","399","11","145","7064","95"
"147","Lillehammer","2713","3307","3996","3501","3379","3731","3477","2820","1328","296","12","104","5857","63"
"148","Gjøvik","2813","3543","4096","3765","3883","4134","3662","3072","1305","284","6","141","6202","48"
"149","Ringsaker","3455","4184","3948","4562","4436","5193","4407","3523","1473","285","9","164","7133","31"
"150","Løten","800","912","802","1015","961","1080","1031","845","340","48","2","20","1667","21"
"151","Stange","2358","2432","2241","2747","2679","2980","2700","2139","885","193","2","91","4357","33"
"152","Nord-Odal","354","542","484","501","561","853","735","656","263","61","0","22","1311","11"
"153","Sør-Odal","729","856","830","955","1029","1245","1135","885","327","76","2","33","1764","17"
"154","Eidskog","446","586","581","556","678","1020","989","781","310","77","4","38","1612","10"
"155","Grue","296","446","438","430","480","734","741","660","268","78","1","24","1335","6"
"156","Åsnes","572","712","702","712","845","1148","1072","990","430","82","2","40","1955","7"
"157","Våler","280","364","311","346","376","600","592","507","209","39","1","14","878","25"
"158","Våler","280","364","311","346","376","600","592","507","209","39","1","14","878","5"
"159","Våler","280","364","311","346","376","600","592","507","209","39","1","14","878","25"
"160","Våler","280","364","311","346","376","600","592","507","209","39","1","14","878","5"
"161","Våler","280","364","311","346","376","600","592","507","209","39","1","14","878","25"
"162","Våler","280","364","311","346","376","600","592","507","209","39","1","14","878","5"
"163","Våler","280","364","311","346","376","600","592","507","209","39","1","14","878","25"
"164","Våler","280","364","311","346","376","600","592","507","209","39","1","14","878","5"
"165","Våler","280","364","311","346","376","600","592","507","209","39","1","14","1000","25"
"166","Våler","280","364","311","346","376","600","592","507","209","39","1","14","1000","5"
"167","Våler","280","364","311","346","376","600","592","507","209","39","1","14","1000","25"
"168","Våler","280","364","311","346","376","600","592","507","209","39","1","14","1000","5"
"169","Våler","280","364","311","346","376","600","592","507","209","39","1","14","1000","25"
"170","Våler","280","364","311","346","376","600","592","507","209","39","1","14","1000","5"
"171","Våler","280","364","311","346","376","600","592","507","209","39","1","14","1000","25"
"172","Våler","280","364","311","346","376","600","592","507","209","39","1","14","1000","5"
"173","Våler","280","364","311","346","376","600","592","507","209","39","1","14","878","25"
"174","Våler","280","364","311","346","376","600","592","507","209","39","1","14","878","5"
"175","Våler","280","364","311","346","376","600","592","507","209","39","1","14","878","25"
"176","Våler","280","364","311","346","376","600","592","507","209","39","1","14","878","5"
"177","Våler","280","364","311","346","376","600","592","507","209","39","1","14","878","25"
"178","Våler","280","364","311","346","376","600","592","507","209","39","1","14","878","5"
"179","Våler","280","364","311","346","376","600","592","507","209","39","1","14","878","25"
"180","Våler","280","364","311","346","376","600","592","507","209","39","1","14","878","5"
"181","Våler","280","364","311","346","376","600","592","507","209","39","1","14","1000","25"
"182","Våler","280","364","311","346","376","600","592","507","209","39","1","14","1000","5"
"183","Våler","280","364","311","346","376","600","592","507","209","39","1","14","1000","25"
"184","Våler","280","364","311","346","376","600","592","507","209","39","1","14","1000","5"
"185","Våler","280","364","311","346","376","600","592","507","209","39","1","14","1000","25"
"186","Våler","280","364","311","346","376","600","592","507","209","39","1","14","1000","5"
"187","Våler","280","364","311","346","376","600","592","507","209","39","1","14","1000","25"
"188","Våler","280","364","311","346","376","600","592","507","209","39","1","14","1000","5"
"189","Elverum","2127","2647","2642","2680","2607","3003","2549","2235","880","195","3","128","4406","18"
"190","Trysil","554","684","640","715","760","1031","907","859","360","71","1","39","1641","2"
"191","Åmot","344","450","658","478","437","585","528","495","194","44","0","15","942","3"
"192","Stor-Elvdal","141","193","225","222","240","343","396","317","183","20","1","11","669","1"
"193","Rendalen","107","176","158","126","178","284","316","294","102","28","0","9","550","1"
"194","Engerdal","107","127","142","95","142","210","210","190","88","17","0","7","375","1"
"195","Tolga","170","193","163","187","159","219","216","158","79","11","0","6","349","1"
"196","Tynset","526","761","650","639","635","768","755","574","264","55","1","28","1230","3"
"197","Alvdal","282","338","257","292","269","337","337","234","115","32","0","8","521","3"
"198","Folldal","101","167","142","125","183","219","233","231","98","19","1","2","441","1"
"199","Os","145","180","222","170","210","301","264","239","95","18","0","2","442","2"
"200","Dovre","213","234","249","275","238","359","357","334","170","35","2","5","700","2"
"201","Lesja","181","252","203","181","224","264","290","235","108","27","1","5","496","1"
"202","Skjåk","187","219","205","204","250","308","326","294","128","25","1","4","591","1"
"203","Lom","208","226","232","206","250","311","359","270","123","27","0","1","579","1"
"204","Vågå","304","411","386","353","424","488","500","417","203","44","2","16","880","3"
"205","Nord-Fron","492","614","616","550","586","881","750","721","319","59","1","19","1399","5"
"206","Sel","464","615","619","522","628","816","826","660","332","83","2","13","1425","6"
"207","Sør-Fron","289","392","341","374","366","514","406","355","162","39","2","17","705","4"
"208","Ringebu","405","454","436","519","513","658","570","543","255","62","1","23","1075","4"
"209","Øyer","542","570","542","644","609","763","663","539","237","51","1","15","1085","8"
"210","Gausdal","526","668","639","704","723","969","811","684","326","77","2","22","1432","5"
"211","Østre","1425","1620","1577","1748","1766","2281","1941","1680","709","149","0","45","3358","31"
"212","Vestre","1229","1517","1668","1651","1677","2028","1664","1460","619","122","0","44","2941","59"
"213","Vestre","1229","1517","1668","1651","1677","2028","1664","1460","619","122","0","44","2941","5"
"214","Vestre","1229","1517","1668","1651","1677","2028","1664","1460","619","122","0","44","2941","59"
"215","Vestre","1229","1517","1668","1651","1677","2028","1664","1460","619","122","0","44","2941","5"
"216","Vestre","1229","1517","1668","1651","1677","2028","1664","1460","619","122","0","44","2941","59"
"217","Vestre","1229","1517","1668","1651","1677","2028","1664","1460","619","122","0","44","2941","5"
"218","Vestre","1229","1517","1668","1651","1677","2028","1664","1460","619","122","0","44","2941","59"
"219","Vestre","1229","1517","1668","1651","1677","2028","1664","1460","619","122","0","44","2941","5"
"220","Vestre","1229","1517","1668","1651","1677","2028","1664","1460","619","122","0","44","460","59"
"221","Vestre","1229","1517","1668","1651","1677","2028","1664","1460","619","122","0","44","460","5"
"222","Vestre","1229","1517","1668","1651","1677","2028","1664","1460","619","122","0","44","460","59"
"223","Vestre","1229","1517","1668","1651","1677","2028","1664","1460","619","122","0","44","460","5"
"224","Vestre","1229","1517","1668","1651","1677","2028","1664","1460","619","122","0","44","460","59"
"225","Vestre","1229","1517","1668","1651","1677","2028","1664","1460","619","122","0","44","460","5"
"226","Vestre","1229","1517","1668","1651","1677","2028","1664","1460","619","122","0","44","460","59"
"227","Vestre","1229","1517","1668","1651","1677","2028","1664","1460","619","122","0","44","460","5"
"228","Vestre","1229","1517","1668","1651","1677","2028","1664","1460","619","122","0","7","2941","59"
"229","Vestre","1229","1517","1668","1651","1677","2028","1664","1460","619","122","0","7","2941","5"
"230","Vestre","1229","1517","1668","1651","1677","2028","1664","1460","619","122","0","7","2941","59"
"231","Vestre","1229","1517","1668","1651","1677","2028","1664","1460","619","122","0","7","2941","5"
"232","Vestre","1229","1517","1668","1651","1677","2028","1664","1460","619","122","0","7","2941","59"
"233","Vestre","1229","1517","1668","1651","1677","2028","1664","1460","619","122","0","7","2941","5"
"234","Vestre","1229","1517","1668","1651","1677","2028","1664","1460","619","122","0","7","2941","59"
"235","Vestre","1229","1517","1668","1651","1677","2028","1664","1460","619","122","0","7","2941","5"
"236","Vestre","1229","1517","1668","1651","1677","2028","1664","1460","619","122","0","7","460","59"
"237","Vestre","1229","1517","1668","1651","1677","2028","1664","1460","619","122","0","7","460","5"
"238","Vestre","1229","1517","1668","1651","1677","2028","1664","1460","619","122","0","7","460","59"
"239","Vestre","1229","1517","1668","1651","1677","2028","1664","1460","619","122","0","7","460","5"
"240","Vestre","1229","1517","1668","1651","1677","2028","1664","1460","619","122","0","7","460","59"
"241","Vestre","1229","1517","1668","1651","1677","2028","1664","1460","619","122","0","7","460","5"
"242","Vestre","1229","1517","1668","1651","1677","2028","1664","1460","619","122","0","7","460","59"
"243","Vestre","1229","1517","1668","1651","1677","2028","1664","1460","619","122","0","7","460","5"
"244","Gran","1188","1612","1374","1498","1698","2109","1847","1470","652","118","2","89","3009","21"
"245","Søndre","496","553","575","591","654","904","832","629","282","47","1","48","1308","8"
"246","Nordre","591","739","664","690","738","1046","902","756","342","59","0","254","10370","311"
"247","Nordre","591","739","664","690","738","1046","902","756","342","59","0","254","10370","7"
"248","Nordre","591","739","664","690","738","1046","902","756","342","59","0","254","10370","311"
"249","Nordre","591","739","664","690","738","1046","902","756","342","59","0","254","10370","7"
"250","Nordre","591","739","664","690","738","1046","902","756","342","59","0","254","10370","311"
"251","Nordre","591","739","664","690","738","1046","902","756","342","59","0","254","10370","7"
"252","Nordre","591","739","664","690","738","1046","902","756","342","59","0","254","10370","311"
"253","Nordre","591","739","664","690","738","1046","902","756","342","59","0","254","10370","7"
"254","Nordre","591","739","664","690","738","1046","902","756","342","59","0","254","1533","311"
"255","Nordre","591","739","664","690","738","1046","902","756","342","59","0","254","1533","7"
"256","Nordre","591","739","664","690","738","1046","902","756","342","59","0","254","1533","311"
"257","Nordre","591","739","664","690","738","1046","902","756","342","59","0","254","1533","7"
"258","Nordre","591","739","664","690","738","1046","902","756","342","59","0","254","1533","311"
"259","Nordre","591","739","664","690","738","1046","902","756","342","59","0","254","1533","7"
"260","Nordre","591","739","664","690","738","1046","902","756","342","59","0","254","1533","311"
"261","Nordre","591","739","664","690","738","1046","902","756","342","59","0","254","1533","7"
"262","Nordre","591","739","664","690","738","1046","902","756","342","59","0","19","10370","311"
"263","Nordre","591","739","664","690","738","1046","902","756","342","59","0","19","10370","7"
"264","Nordre","591","739","664","690","738","1046","902","756","342","59","0","19","10370","311"
"265","Nordre","591","739","664","690","738","1046","902","756","342","59","0","19","10370","7"
"266","Nordre","591","739","664","690","738","1046","902","756","342","59","0","19","10370","311"
"267","Nordre","591","739","664","690","738","1046","902","756","342","59","0","19","10370","7"
"268","Nordre","591","739","664","690","738","1046","902","756","342","59","0","19","10370","311"
"269","Nordre","591","739","664","690","738","1046","902","756","342","59","0","19","10370","7"
"270","Nordre","591","739","664","690","738","1046","902","756","342","59","0","19","1533","311"
"271","Nordre","591","739","664","690","738","1046","902","756","342","59","0","19","1533","7"
"272","Nordre","591","739","664","690","738","1046","902","756","342","59","0","19","1533","311"
"273","Nordre","591","739","664","690","738","1046","902","756","342","59","0","19","1533","7"
"274","Nordre","591","739","664","690","738","1046","902","756","342","59","0","19","1533","311"
"275","Nordre","591","739","664","690","738","1046","902","756","342","59","0","19","1533","7"
"276","Nordre","591","739","664","690","738","1046","902","756","342","59","0","19","1533","311"
"277","Nordre","591","739","664","690","738","1046","902","756","342","59","0","19","1533","7"
"278","Sør-Aurdal","223","306","297","291","317","437","411","378","169","35","2","10","741","3"
"279","Etnedal","86","126","137","112","128","222","165","158","84","21","0","5","319","3"
"280","Nord-Aurdal","589","681","705","701","798","884","860","807","306","70","0","26","1542","7"
"281","Vestre","169","248","212","227","241","333","308","232","106","14","1","44","2941","59"
"282","Vestre","169","248","212","227","241","333","308","232","106","14","1","44","2941","5"
"283","Vestre","169","248","212","227","241","333","308","232","106","14","1","44","2941","59"
"284","Vestre","169","248","212","227","241","333","308","232","106","14","1","44","2941","5"
"285","Vestre","169","248","212","227","241","333","308","232","106","14","1","44","2941","59"
"286","Vestre","169","248","212","227","241","333","308","232","106","14","1","44","2941","5"
"287","Vestre","169","248","212","227","241","333","308","232","106","14","1","44","2941","59"
"288","Vestre","169","248","212","227","241","333","308","232","106","14","1","44","2941","5"
"289","Vestre","169","248","212","227","241","333","308","232","106","14","1","44","460","59"
"290","Vestre","169","248","212","227","241","333","308","232","106","14","1","44","460","5"
"291","Vestre","169","248","212","227","241","333","308","232","106","14","1","44","460","59"
"292","Vestre","169","248","212","227","241","333","308","232","106","14","1","44","460","5"
"293","Vestre","169","248","212","227","241","333","308","232","106","14","1","44","460","59"
"294","Vestre","169","248","212","227","241","333","308","232","106","14","1","44","460","5"
"295","Vestre","169","248","212","227","241","333","308","232","106","14","1","44","460","59"
"296","Vestre","169","248","212","227","241","333","308","232","106","14","1","44","460","5"
"297","Vestre","169","248","212","227","241","333","308","232","106","14","1","7","2941","59"
"298","Vestre","169","248","212","227","241","333","308","232","106","14","1","7","2941","5"
"299","Vestre","169","248","212","227","241","333","308","232","106","14","1","7","2941","59"
"300","Vestre","169","248","212","227","241","333","308","232","106","14","1","7","2941","5"
"301","Vestre","169","248","212","227","241","333","308","232","106","14","1","7","2941","59"
"302","Vestre","169","248","212","227","241","333","308","232","106","14","1","7","2941","5"
"303","Vestre","169","248","212","227","241","333","308","232","106","14","1","7","2941","59"
"304","Vestre","169","248","212","227","241","333","308","232","106","14","1","7","2941","5"
"305","Vestre","169","248","212","227","241","333","308","232","106","14","1","7","460","59"
"306","Vestre","169","248","212","227","241","333","308","232","106","14","1","7","460","5"
"307","Vestre","169","248","212","227","241","333","308","232","106","14","1","7","460","59"
"308","Vestre","169","248","212","227","241","333","308","232","106","14","1","7","460","5"
"309","Vestre","169","248","212","227","241","333","308","232","106","14","1","7","460","59"
"310","Vestre","169","248","212","227","241","333","308","232","106","14","1","7","460","5"
"311","Vestre","169","248","212","227","241","333","308","232","106","14","1","7","460","59"
"312","Vestre","169","248","212","227","241","333","308","232","106","14","1","7","460","5"
"313","Øystre","312","350","349","416","394","498","405","390","156","20","1","9","723","4"
"314","Vang","154","208","155","196","199","235","206","191","69","23","0","7","355","1"
"315","Horten","2600","3338","3045","3393","3474","4076","3441","2872","1202","237","4","149","5664","399"
"316","Holmestrand","2765","3078","2762","3462","3488","3648","3227","2599","979","192","6","108","5100","62"
"317","Tønsberg","6078","6934","6826","7980","7753","8099","6944","5184","2244","509","10","213","10693","177"
"318","Sandefjord","6809","8026","7166","8399","8531","9440","7710","6279","2635","565","14","368","12705","157"
"319","Larvik","4682","5660","4818","5858","6181","6816","6437","5178","2113","489","14","241","10612","62"
"320","Porsgrunn","3632","4363","4310","4612","4828","5371","4450","3632","1542","308","8","132","7416","227"
"321","Skien","5734","6701","6265","7198","7083","7967","6665","5597","2234","466","14","249","11132","77"
"322","Notodden","1247","1463","1457","1618","1559","1810","1749","1343","613","161","5","56","2871","14"
"323","Færder","2689","3414","2496","3110","3290","3988","3828","2952","1244","271","4","109","6011","272"
"324","Siljan","246","281","225","294","309","318","331","229","112","29","1","5","522","12"
"325","Bamble","1334","1718","1480","1714","1605","2091","1884","1659","594","91","2","71","3185","50"
"326","Kragerø","875","1162","976","1109","1248","1566","1471","1379","516","105","6","48","2657","36"
"327","Drangedal","374","503","456","410","501","620","553","454","167","51","2","14","907","4"
"328","Nome","646","727","700","715","764","1006","905","710","299","83","4","36","1482","17"
"329","Midt-Telemark","1067","1305","1516","1349","1326","1367","1208","1052","440","103","2","62","2114","22"
"330","Tinn","377","641","554","557","653","897","803","732","249","81","2","23","1428","3"
"331","Hjartdal","158","184","166","166","147","232","220","202","96","17","0","5","388","2"
"332","Seljord","265","392","282","293","379","403","382","375","137","28","3","12","707","4"
"333","Kviteseid","204","247","229","261","272","414","364","264","142","29","1","16","584","4"
"334","Nissedal","144","167","116","142","164","222","217","194","60","16","0","9","355","2"
"335","Fyresdal","105","165","102","129","145","182","193","136","53","14","0","4","279","1"
"336","Tokke","187","268","219","244","240","316","347","237","106","32","2","10","513","2"
"337","Vinje","387","441","438","455","425","557","498","407","187","36","1","17","842","1"
"338","Risør","580","767","661","697","812","987","996","902","324","78","2","44","1711","38"
"339","Grimstad","2764","3249","3540","3168","3137","3189","2464","2058","851","162","5","99","4025","88"
"340","Arendal","4583","5755","4884","5710","6134","6389","5728","4479","1863","353","13","180","9044","178"
"341","Kristiansand","12931","14641","17139","15794","14925","14789","11879","8771","3828","851","21","495","18131","186"
"342","Lindesnes","2504","3149","2593","2801","2981","3225","2841","2286","898","194","7","103","4556","26"
"343","Farsund","1056","1248","1114","1123","1205","1376","1141","1071","438","85","3","35","2103","38"
"344","Flekkefjord","988","1219","990","1095","1089","1264","1116","944","412","96","3","34","1910","19"
"345","Gjerstad","198","269","258","252","329","365","324","295","108","23","0","16","556","8"
"346","Vegårshei","223","314","232","242","275","313","270","174","87","11","2","4","383","7"
"347","Tvedestrand","550","750","620","685","816","822","900","737","241","58","5","23","1414","30"
"348","Froland","730","817","755","827","851","865","595","510","191","32","1","20","995","10"
"349","Lillesand","1241","1557","1213","1351","1543","1555","1359","1064","453","82","1","44","2178","63"
"350","Birkenes","671","786","671","666","740","696","484","454","180","42","0","20","866","9"
"351","Åmli","206","190","182","178","233","263","226","202","93","13","0","13","400","2"
"352","Iveland","179","175","140","195","167","190","154","102","32","10","0","6","210","5"
"353","Evje","429","545","418","480","557","449","459","379","157","31","0","12","765","7"
"354","Bygland","95","117","113","115","156","159","170","158","45","8","0","5","287","1"
"355","Valle","107","134","135","109","147","161","182","140","55","10","0","1","298","1"
"356","Bykle","80","103","125","138","143","169","126","78","25","8","0","4","171","1"
"357","Vennesla","1824","2015","1960","2141","2036","1951","1610","1147","499","111","0","67","2409","42"
"358","Åseral","93","119","118","85","105","151","119","72","37","12","0","2","157","1"
"359","Lyngdal","1358","1569","1287","1297","1388","1373","1084","934","377","82","2","42","1871","17"
"360","Hægebostad","225","226","201","216","247","226","171","141","76","20","1","8","316","4"
"361","Kvinesdal","668","761","677","766","718","845","720","541","272","52","4","30","1166","7"
"362","Sirdal","192","250","220","234","214","255","206","174","67","24","1","1","352","1"
"363","Eigersund","1669","1954","1772","1901","1901","2004","1709","1410","574","112","5","52","2819","38"
"364","Stavanger","16598","18183","19443","21747","20435","18879","15041","10469","4184","1003","29","665","21898","563"
"365","Haugesund","3868","4601","4700","5047","5429","5226","4128","3217","1315","309","15","151","6567","551"
"366","Sandnes","10726","11200","9794","12835","11971","10273","7933","5235","2103","471","7","360","11134","86"
"367","Sokndal","369","476","340","380","402","440","420","317","138","42","0","5","713","12"
"368","Lund","386","437","351","368","363","444","405","279","144","28","1","12","648","9"
"369","Bjerkreim","344","430","304","387","360","372","321","229","87","14","0","6","466","5"
"370","Hå","2649","2940","2343","2703","2618","2393","1895","1403","582","121","2","72","2964","78"
"371","Klepp","2704","2927","2718","2994","2870","2713","1675","1371","557","83","3","69","2761","198"
"372","Time","2561","2741","2486","2827","2647","2386","2024","1377","600","130","2","52","3022","113"
"373","Gjesdal","1713","1788","1407","1871","1745","1531","1196","722","278","50","1","29","1574","22"
"374","Sola","3684","3792","3455","4328","3955","3657","2710","1762","818","150","4","113","3873","400"
"375","Randaberg","1443","1615","1505","1541","1467","1595","1158","819","453","69","6","36","1837","477"
"376","Strand","1741","1926","1573","1826","1736","1662","1372","1063","475","98","2","43","2227","56"
"377","Hjelmeland","280","353","270","303","314","336","334","279","123","25","2","9","577","3"
"378","Suldal","431","518","375","386","486","489","503","410","175","41","1","14","861","2"
"379","Sauda","483","582","454","541","559","599","628","403","223","70","1","9","990","9"
"380","Kvitsøy","51","59","64","48","61","84","70","51","38","9","0","0","130","87"
"381","Bokn","77","108","110","85","101","131","109","90","42","14","1","1","200","19"
"382","Tysvær","1494","1674","1283","1444","1496","1452","1130","961","404","66","1","37","1913","28"
"383","Karmøy","5018","5815","4960","5508","5633","5813","4549","3676","1589","331","11","154","7615","193"
"384","Utsira","17","28","20","18","31","24","39","20","9","2","0","0","43","31"
"385","Vindafjord","1021","1154","1000","1129","1107","1146","1082","737","353","114","1","37","1696","15"
"386","Bergen","30399","31612","46990","43940","37409","36178","28746","21483","9972","2511","90","1134","45210","645"
"387","Kinn","1751","2350","2006","2072","2071","2356","2200","1544","646","174","9","72","3290","22"
"388","Etne","467","520","418","467","508","532","504","395","198","61","3","11","887","6"
"389","Sveio","684","798","639","702","785","690","687","512","189","44","2","11","1069","26"
"390","Bømlo","1421","1749","1343","1478","1562","1572","1311","1161","411","119","5","35","2325","51"
"391","Stord","2264","2574","2241","2482","2464","2566","1984","1628","716","173","6","49","3416","138"
"392","Fitjar","349","454","315","371","466","367","410","316","101","30","2","6","643","23"
"393","Tysnes","337","317","260","347","315","350","387","391","166","38","2","8","780","12"
"394","Kvinnherad","1288","1704","1476","1327","1570","1824","1613","1440","678","131","7","36","2965","12"
"395","Ullensvang","1024","1332","1177","1210","1352","1568","1475","1210","641","152","7","40","2659","4"
"396","Eidfjord","108","100","92","108","106","145","141","102","46","13","1","3","215","1"
"397","Ulvik","108","127","97","101","117","157","143","136","58","12","0","0","262","2"
"398","Voss","1790","1982","1758","2116","1882","1986","2002","1612","770","242","4","33","3503","8"
"399","Kvam","966","1054","866","949","988","1116","1092","921","466","108","5","25","1981","15"
"400","Samnanger","267","297","256","265","329","312","350","293","91","31","4","14","578","10"
"401","Bjørnafjorden","3073","3585","2784","3491","3534","3144","2705","2217","888","167","8","76","4444","52"
"402","Austevoll","705","722","573","685","699","609","602","472","185","43","2","16","976","46"
"403","Øygarden","4877","5441","4465","5269","5345","5403","4095","3175","1072","219","7","135","6283","130"
"404","Askøy","3832","4467","3190","4043","4459","3846","2794","2340","842","172","4","108","4593","317"
"405","Vaksdal","396","460","390","472","474","496","526","398","201","59","3","10","889","6"
"406","Modalen","41","61","35","44","47","44","47","37","21","3","0","1","78","1"
"407","Osterøy","953","1031","907","1052","1032","1047","923","782","324","99","2","28","1630","33"
"408","Alver","3468","4120","3357","3646","4031","3862","3302","2839","1037","251","7","78","5629","45"
"409","Austrheim","289","336","302","325","370","366","341","351","153","21","2","11","692","51"
"410","Fedje","47","69","33","47","55","76","74","72","31","9","0","3","145","56"
"411","Masfjorden","171","203","151","185","165","207","252","187","101","30","2","5","429","3"
"412","Gulen","203","268","223","255","243","325","310","253","114","31","3","2","511","4"
"413","Solund","57","79","74","66","90","109","121","105","46","9","0","1","202","4"
"414","Hyllestad","96","121","128","103","162","208","168","177","92","13","0","4","354","5"
"415","Høyanger","315","459","459","353","412","646","567","455","220","62","1","9","998","4"
"416","Vik","249","308","257","244","290","308","371","317","179","35","3","9","699","3"
"417","Sogndal","1486","1426","1782","1775","1336","1474","1302","1062","439","116","0","39","2148","10"
"418","Aurland","170","166","200","294","175","267","216","187","76","23","1","4","341","1"
"419","Lærdal","199","243","233","224","247","318","283","264","92","23","3","10","496","2"
"420","Årdal","460","563","591","540","566","833","692","547","289","91","0","12","1283","6"
"421","Luster","628","655","572","638","580","695","676","508","277","68","5","10","1150","2"
"422","Askvoll","303","355","266","297","318","383","435","362","179","48","3","8","779","9"
"423","Fjaler","291","560","326","292","285","337","325","322","155","19","1","10","639","7"
"424","Sunnfjord","2554","3085","2792","2886","2715","2816","2583","1821","759","197","7","42","3872","11"
"425","Bremanger","293","434","343","303","414","524","459","418","224","69","1","13","907","4"
"426","Stad","1084","1201","1067","1074","1100","1254","1251","934","462","108","8","28","2050","14"
"427","Gloppen","665","796","600","653","686","733","740","658","288","69","4","18","1319","6"
"428","Stryn","771","966","833","860","902","972","810","736","309","80","5","24","1470","5"
"429","Kristiansund","2192","2899","2805","3118","3021","3345","3038","2580","950","208","3","112","5095","279"
"430","Molde","3379","3900","3901","4124","3828","4299","4003","3289","1369","345","9","96","6774","22"
"431","Ålesund","7384","8166","8881","9214","8800","8729","7450","5858","2384","641","13","264","12034","111"
"432","Vanylven","236","303","295","270","317","469","459","436","184","42","2","9","882","8"
"433","Sande","237","262","219","253","318","403","321","271","125","32","1","7","555","27"
"434","Herøy","911","1159","861","1066","1144","1241","1090","878","395","95","2","21","1797","74"
"435","Herøy","911","1159","861","1066","1144","1241","1090","878","395","95","2","21","1797","29"
"436","Herøy","911","1159","861","1066","1144","1241","1090","878","395","95","2","21","1797","74"
"437","Herøy","911","1159","861","1066","1144","1241","1090","878","395","95","2","21","1797","29"
"438","Herøy","911","1159","861","1066","1144","1241","1090","878","395","95","2","21","1797","74"
"439","Herøy","911","1159","861","1066","1144","1241","1090","878","395","95","2","21","1797","29"
"440","Herøy","911","1159","861","1066","1144","1241","1090","878","395","95","2","21","1797","74"
"441","Herøy","911","1159","861","1066","1144","1241","1090","878","395","95","2","21","1797","29"
"442","Herøy","911","1159","861","1066","1144","1241","1090","878","395","95","2","21","406","74"
"443","Herøy","911","1159","861","1066","1144","1241","1090","878","395","95","2","21","406","29"
"444","Herøy","911","1159","861","1066","1144","1241","1090","878","395","95","2","21","406","74"
"445","Herøy","911","1159","861","1066","1144","1241","1090","878","395","95","2","21","406","29"
"446","Herøy","911","1159","861","1066","1144","1241","1090","878","395","95","2","21","406","74"
"447","Herøy","911","1159","861","1066","1144","1241","1090","878","395","95","2","21","406","29"
"448","Herøy","911","1159","861","1066","1144","1241","1090","878","395","95","2","21","406","74"
"449","Herøy","911","1159","861","1066","1144","1241","1090","878","395","95","2","21","406","29"
"450","Herøy","911","1159","861","1066","1144","1241","1090","878","395","95","2","8","1797","74"
"451","Herøy","911","1159","861","1066","1144","1241","1090","878","395","95","2","8","1797","29"
"452","Herøy","911","1159","861","1066","1144","1241","1090","878","395","95","2","8","1797","74"
"453","Herøy","911","1159","861","1066","1144","1241","1090","878","395","95","2","8","1797","29"
"454","Herøy","911","1159","861","1066","1144","1241","1090","878","395","95","2","8","1797","74"
"455","Herøy","911","1159","861","1066","1144","1241","1090","878","395","95","2","8","1797","29"
"456","Herøy","911","1159","861","1066","1144","1241","1090","878","395","95","2","8","1797","74"
"457","Herøy","911","1159","861","1066","1144","1241","1090","878","395","95","2","8","1797","29"
"458","Herøy","911","1159","861","1066","1144","1241","1090","878","395","95","2","8","406","74"
"459","Herøy","911","1159","861","1066","1144","1241","1090","878","395","95","2","8","406","29"
"460","Herøy","911","1159","861","1066","1144","1241","1090","878","395","95","2","8","406","74"
"461","Herøy","911","1159","861","1066","1144","1241","1090","878","395","95","2","8","406","29"
"462","Herøy","911","1159","861","1066","1144","1241","1090","878","395","95","2","8","406","74"
"463","Herøy","911","1159","861","1066","1144","1241","1090","878","395","95","2","8","406","29"
"464","Herøy","911","1159","861","1066","1144","1241","1090","878","395","95","2","8","406","74"
"465","Herøy","911","1159","861","1066","1144","1241","1090","878","395","95","2","8","406","29"
"466","Ulstein","1017","1205","1003","1072","1173","1273","920","736","330","68","0","39","1520","90"
"467","Hareid","600","682","522","720","663","622","625","470","198","57","0","14","995","67"
"468","Ørsta","1226","1405","1243","1332","1310","1396","1314","1076","483","141","3","32","2263","17"
"469","Stranda","392","476","481","565","543","638","535","454","258","77","2","7","1053","5"
"470","Sykkylven","734","991","828","874","972","1087","947","784","334","78","1","41","1617","23"
"471","Sula","1247","1344","1074","1331","1323","1150","1006","757","296","108","0","28","1595","167"
"472","Giske","1179","1204","941","1200","1128","1028","962","664","312","71","3","21","1468","215"
"473","Vestnes","686","860","722","806","849","1016","972","785","280","71","4","61","1568","17"
"474","Rauma","738","861","686","845","831","983","866","797","346","90","3","22","1643","5"
"475","Aukra","381","536","413","472","478","437","377","360","158","42","0","13","721","58"
"476","Averøy","563","767","589","663","740","830","766","633","262","56","3","23","1290","34"
"477","Gjemnes","280","365","256","311","322","323","352","338","103","18","1","7","608","7"
"478","Tingvoll","263","353","295","320","348","445","435","364","170","34","4","6","729","9"
"479","Sunndal","730","794","786","817","720","1052","1060","699","344","106","2","26","1661","4"
"480","Surnadal","610","642","677","621","630","853","795","700","323","59","2","16","1423","4"
"481","Smøla","189","228","239","247","233","300","315","269","109","28","1","7","546","8"
"482","Aure","294","367","329","338","392","519","488","446","165","43","0","8","855","5"
"483","Volda","1159","1343","1858","1309","1188","1261","1223","1015","483","116","5","18","2125","13"
"484","Fjord","186","341","238","219","279","350","369","303","164","42","3","1","639","2"
"485","Hustadvika","1471","1778","1453","1671","1664","1765","1591","1316","527","102","3","51","2731","26"
"486","Trondheim","21870","23490","38662","33160","27039","25425","20042","15375","6209","1360","28","639","30947","424"
"487","Steinkjer","2430","2891","2626","2787","2652","3360","3131","2588","1206","273","11","67","5442","12"
"488","Namsos","1471","1869","1872","1714","1634","2114","1843","1600","658","144","4","54","3147","8"
"489","Frøya","632","529","769","867","673","688","601","417","174","38","3","15","867","23"
"490","Osen","74","96","85","77","97","105","157","140","59","13","1","3","271","2"
"491","Oppdal","791","894","767","869","815","1010","901","786","344","78","1","35","1582","3"
"492","Rennebu","258","270","265","232","245","382","335","335","131","27","1","12","625","3"
"493","Røros","512","575","593","629","646","754","824","742","270","52","1","20","1451","3"
"494","Holtålen","167","224","212","194","207","318","267","253","140","15","0","8","534","2"
"495","Midtre","701","680","711","791","695","851","727","612","285","78","2","22","1273","3"
"496","Melhus","2033","2294","2032","2291","2321","2315","1769","1464","680","139","2","39","3038","26"
"497","Skaun","1095","1238","851","1173","1163","1127","842","635","246","70","1","9","1312","39"
"498","Malvik","1873","2032","1533","2006","2064","2128","1451","1058","436","79","2","34","2156","89"
"499","Selbu","424","478","437","455","508","589","536","431","227","59","0","8","963","4"
"500","Tydal","65","66","63","79","65","106","147","89","57","16","0","1","222","1"
"501","Meråker","239","256","240","261","286","357","350","286","117","32","2","10","588","2"
"502","Stjørdal","2635","3304","2818","2936","3077","3521","2731","2353","1000","164","2","79","4653","27"
"503","Frosta","269","301","296","275","308","371","366","281","148","30","0","9","583","35"
"504","Levanger","2284","2591","2522","2485","2329","2726","2412","1955","858","175","7","58","4004","33"
"505","Verdal","1488","1899","1847","1692","1814","2084","1795","1689","572","120","2","40","3186","10"
"506","Snåase","213","250","189","220","199","284","277","222","139","27","1","9","503","1"
"507","Lierne","101","135","138","117","146","194","192","173","82","17","0","3","357","0"
"508","Raarvihke","35","52","32","55","32","51","71","66","27","8","0","2","126","0"
"509","Namsskogan","60","93","89","62","89","129","116","97","68","11","0","1","233","1"
"510","Grong","238","286","230","253","234","318","313","254","139","30","1","4","547","2"
"511","Høylandet","106","184","119","109","140","152","162","160","70","14","0","1","320","2"
"512","Overhalla","476","528","437","509","453","469","478","336","149","37","1","9","734","6"
"513","Flatanger","102","94","129","115","103","156","197","135","66","10","1","2","294","3"
"514","Leka","61","57","51","56","46","82","93","90","37","9","0","2","169","5"
"515","Inderøy","744","870","710","792","780","940","863","795","289","56","2","16","1508","19"
"516","Indre","977","1264","1028","1014","1189","1462","1262","1160","516","104","1","266","8624","60"
"517","Indre","977","1264","1028","1014","1189","1462","1262","1160","516","104","1","266","8624","10"
"518","Indre","977","1264","1028","1014","1189","1462","1262","1160","516","104","1","266","8624","60"
"519","Indre","977","1264","1028","1014","1189","1462","1262","1160","516","104","1","266","8624","10"
"520","Indre","977","1264","1028","1014","1189","1462","1262","1160","516","104","1","266","8624","60"
"521","Indre","977","1264","1028","1014","1189","1462","1262","1160","516","104","1","266","8624","10"
"522","Indre","977","1264","1028","1014","1189","1462","1262","1160","516","104","1","266","8624","60"
"523","Indre","977","1264","1028","1014","1189","1462","1262","1160","516","104","1","266","8624","10"
"524","Indre","977","1264","1028","1014","1189","1462","1262","1160","516","104","1","266","2358","60"
"525","Indre","977","1264","1028","1014","1189","1462","1262","1160","516","104","1","266","2358","10"
"526","Indre","977","1264","1028","1014","1189","1462","1262","1160","516","104","1","266","2358","60"
"527","Indre","977","1264","1028","1014","1189","1462","1262","1160","516","104","1","266","2358","10"
"528","Indre","977","1264","1028","1014","1189","1462","1262","1160","516","104","1","266","2358","60"
"529","Indre","977","1264","1028","1014","1189","1462","1262","1160","516","104","1","266","2358","10"
"530","Indre","977","1264","1028","1014","1189","1462","1262","1160","516","104","1","266","2358","60"
"531","Indre","977","1264","1028","1014","1189","1462","1262","1160","516","104","1","266","2358","10"
"532","Indre","977","1264","1028","1014","1189","1462","1262","1160","516","104","1","21","8624","60"
"533","Indre","977","1264","1028","1014","1189","1462","1262","1160","516","104","1","21","8624","10"
"534","Indre","977","1264","1028","1014","1189","1462","1262","1160","516","104","1","21","8624","60"
"535","Indre","977","1264","1028","1014","1189","1462","1262","1160","516","104","1","21","8624","10"
"536","Indre","977","1264","1028","1014","1189","1462","1262","1160","516","104","1","21","8624","60"
"537","Indre","977","1264","1028","1014","1189","1462","1262","1160","516","104","1","21","8624","10"
"538","Indre","977","1264","1028","1014","1189","1462","1262","1160","516","104","1","21","8624","60"
"539","Indre","977","1264","1028","1014","1189","1462","1262","1160","516","104","1","21","8624","10"
"540","Indre","977","1264","1028","1014","1189","1462","1262","1160","516","104","1","21","2358","60"
"541","Indre","977","1264","1028","1014","1189","1462","1262","1160","516","104","1","21","2358","10"
"542","Indre","977","1264","1028","1014","1189","1462","1262","1160","516","104","1","21","2358","60"
"543","Indre","977","1264","1028","1014","1189","1462","1262","1160","516","104","1","21","2358","10"
"544","Indre","977","1264","1028","1014","1189","1462","1262","1160","516","104","1","21","2358","60"
"545","Indre","977","1264","1028","1014","1189","1462","1262","1160","516","104","1","21","2358","10"
"546","Indre","977","1264","1028","1014","1189","1462","1262","1160","516","104","1","21","2358","60"
"547","Indre","977","1264","1028","1014","1189","1462","1262","1160","516","104","1","21","2358","10"
"548","Heim","553","667","652","637","625","811","819","713","324","78","1","12","1473","6"
"549","Hitra","536","546","658","745","681","714","603","533","222","42","1","24","1013","7"
"550","Ørland","1138","1208","1322","1335","1071","1415","1302","1036","534","109","2","38","2219","24"
"551","Åfjord","478","410","475","429","418","656","578","519","241","48","0","16","1050","3"
"552","Orkland","1915","2268","2019","2309","2225","2582","2396","1942","832","194","8","63","3991","10"
"553","Nærøysund","1178","1189","1244","1272","1114","1363","1119","892","429","89","1","23","1836","8"
"554","Rindal","193","226","217","196","218","284","230","250","112","31","0","2","487","3"
"555","Bodø","5549","6367","7476","7600","6807","7143","5748","4259","1932","373","5","163","8903","40"
"556","Narvik","2027","2371","2574","2709","2436","2946","2956","2224","1028","239","5","65","4696","7"
"557","Bindal","127","160","105","116","139","186","229","217","92","20","0","6","401","1"
"558","Sømna","164","259","202","209","236","291","260","224","106","19","0","9","448","10"
"559","Brønnøy","775","1001","833","957","883","1205","975","761","325","70","2","21","1546","8"
"560","Vega","105","144","113","113","114","197","191","155","73","14","0","4","317","7"
"561","Vevelstad","38","47","44","38","52","67","62","73","24","9","0","1","135","1"
"562","Herøy","201","209","157","252","197","254","262","201","93","12","1","21","1797","74"
"563","Herøy","201","209","157","252","197","254","262","201","93","12","1","21","1797","29"
"564","Herøy","201","209","157","252","197","254","262","201","93","12","1","21","1797","74"
"565","Herøy","201","209","157","252","197","254","262","201","93","12","1","21","1797","29"
"566","Herøy","201","209","157","252","197","254","262","201","93","12","1","21","1797","74"
"567","Herøy","201","209","157","252","197","254","262","201","93","12","1","21","1797","29"
"568","Herøy","201","209","157","252","197","254","262","201","93","12","1","21","1797","74"
"569","Herøy","201","209","157","252","197","254","262","201","93","12","1","21","1797","29"
"570","Herøy","201","209","157","252","197","254","262","201","93","12","1","21","406","74"
"571","Herøy","201","209","157","252","197","254","262","201","93","12","1","21","406","29"
"572","Herøy","201","209","157","252","197","254","262","201","93","12","1","21","406","74"
"573","Herøy","201","209","157","252","197","254","262","201","93","12","1","21","406","29"
"574","Herøy","201","209","157","252","197","254","262","201","93","12","1","21","406","74"
"575","Herøy","201","209","157","252","197","254","262","201","93","12","1","21","406","29"
"576","Herøy","201","209","157","252","197","254","262","201","93","12","1","21","406","74"
"577","Herøy","201","209","157","252","197","254","262","201","93","12","1","21","406","29"
"578","Herøy","201","209","157","252","197","254","262","201","93","12","1","8","1797","74"
"579","Herøy","201","209","157","252","197","254","262","201","93","12","1","8","1797","29"
"580","Herøy","201","209","157","252","197","254","262","201","93","12","1","8","1797","74"
"581","Herøy","201","209","157","252","197","254","262","201","93","12","1","8","1797","29"
"582","Herøy","201","209","157","252","197","254","262","201","93","12","1","8","1797","74"
"583","Herøy","201","209","157","252","197","254","262","201","93","12","1","8","1797","29"
"584","Herøy","201","209","157","252","197","254","262","201","93","12","1","8","1797","74"
"585","Herøy","201","209","157","252","197","254","262","201","93","12","1","8","1797","29"
"586","Herøy","201","209","157","252","197","254","262","201","93","12","1","8","406","74"
"587","Herøy","201","209","157","252","197","254","262","201","93","12","1","8","406","29"
"588","Herøy","201","209","157","252","197","254","262","201","93","12","1","8","406","74"
"589","Herøy","201","209","157","252","197","254","262","201","93","12","1","8","406","29"
"590","Herøy","201","209","157","252","197","254","262","201","93","12","1","8","406","74"
"591","Herøy","201","209","157","252","197","254","262","201","93","12","1","8","406","29"
"592","Herøy","201","209","157","252","197","254","262","201","93","12","1","8","406","74"
"593","Herøy","201","209","157","252","197","254","262","201","93","12","1","8","406","29"
"594","Alstahaug","728","825","830","919","773","1093","947","807","321","56","1","31","1569","39"
"595","Leirfjord","310","244","190","298","274","282","330","223","84","33","2","13","482","5"
"596","Vefsn","1286","1518","1615","1649","1433","1973","1675","1381","668","142","2","49","2876","7"
"597","Grane","127","160","146","160","151","219","189","180","100","20","2","5","375","1"
"598","Hattfjelldal","104","146","128","121","131","185","171","182","90","18","2","5","358","1"
"599","Dønna","113","165","137","130","140","212","223","186","72","13","0","9","345","7"
"600","Nesna","159","217","202","198","230","246","251","189","80","11","0","12","371","9"
"601","Hemnes","446","491","486","539","474","638","558","514","251","61","1","15","1039","3"
"602","Rana","2501","3051","3220","3304","2925","3757","3266","2522","1140","286","8","59","5305","6"
"603","Lurøy","166","195","187","230","199","271","251","208","121","24","0","7","468","7"
"604","Træna","32","51","64","55","65","68","54","41","11","3","0","1","70","28"
"605","Rødøy","109","145","123","115","105","170","161","144","55","12","0","5","277","2"
"606","Meløy","623","760","702","713","659","917","786","668","299","84","1","27","1367","8"
"607","Gildeskål","154","194","161","187","239","275","324","266","107","21","0","5","532","3"
"608","Beiarn","94","78","83","100","100","156","167","144","86","19","0","4","325","1"
"609","Saltdal","463","554","404","535","525","664","638","582","237","45","3","18","1163","2"
"610","Fauske","885","1034","1089","1119","1136","1359","1307","1072","483","86","2","24","2172","9"
"611","Sørfold","154","195","185","185","197","283","250","270","106","20","0","5","497","1"
"612","Steigen","262","280","267","312","295","363","382","343","134","27","0","11","663","3"
"613","Lødingen","135","206","176","155","197","303","358","278","142","34","1","14","619","4"
"614","Evenes","89","131","144","113","155","184","198","206","69","19","2","3","392","6"
"615","Røst","32","46","51","36","64","84","73","51","26","6","0","3","115","47"
"616","Værøy","62","73","61","92","81","115","81","73","42","8","0","8","155","36"
"617","Flakstad","98","109","134","135","128","177","180","160","80","19","0","7","316","7"
"618","Vestvågøy","1242","1426","1457","1451","1302","1539","1408","1133","474","117","2","49","2282","28"
"619","Vågan","979","1097","1149","1257","1300","1310","1188","990","389","76","1","35","1989","21"
"620","Hadsel","842","898","927","1009","899","1149","1038","936","405","79","2","43","1854","15"
"621","Bø","210","226","265","237","242","395","428","324","208","47","2","12","753","11"
"622","Øksnes","432","475","506","580","527","699","583","466","210","52","3","23","988","14"
"623","Sortland","1136","1310","1316","1287","1291","1467","1246","1033","393","82","0","39","1998","15"
"624","Andøy","399","467","534","491","454","671","618","606","291","44","2","23","1200","7"
"625","Moskenes","51","79","94","127","143","148","138","108","73","18","0","4","255","9"
"626","Hamarøy","204","302","241","316","299","356","404","365","158","33","4","14","711","1"
"627","Tromsø","7997","8882","12577","12140","10219","10308","7792","5527","2162","379","9","202","10945","31"
"628","Harstad","2496","2909","2979","3234","3078","3288","3057","2555","1073","231","3","74","5171","58"
"629","Alta","2621","2731","3267","2949","2466","2920","2078","1566","609","110","0","73","3098","6"
"630","Vardø","124","178","213","228","238","306","290","247","76","33","0","15","493","3"
"631","Vadsø","492","643","721","647","615","934","665","579","248","49","0","18","1125","5"
"632","Hammerfest","1144","1311","1610","1578","1327","1668","1202","1001","394","74","1","75","1944","4"
"633","Kvæfjord","259","337","282","352","302","411","416","339","137","31","0","22","684","6"
"634","Tjeldsund","347","460","403","409","489","593","619","589","246","51","0","13","1138","5"
"635","Ibestad","77","106","124","126","117","191","210","194","104","30","0","1","415","6"
"636","Gratangen","86","116","110","104","119","181","151","121","69","21","1","6","277","3"
"637","Loabák","81","140","89","76","125","148","130","111","62","21","0","3","248","3"
"638","Bardu","381","460","695","453","450","460","426","408","177","37","2","8","811","2"
"639","Salangen","154","252","222","187","236","313","282","272","115","13","2","9","514","5"
"640","Målselv","645","803","1072","837","717","902","785","647","310","64","0","28","1339","2"
"641","Sørreisa","318","414","421","415","385","525","414","344","159","33","0","5","722","10"
"642","Dyrøy","62","119","101","94","107","153","192","158","59","10","1","6","303","4"
"643","Senja","1447","1845","1743","1758","1714","2058","1878","1558","710","140","0","57","3181","8"
"644","Balsfjord","468","592","610","591","622","885","709","651","326","63","0","19","1304","4"
"645","Karlsøy","171","175","230","231","203","325","356","313","143","23","1","11","627","2"
"646","Lyngen","186","282","306","233","301","398","389","397","184","38","0","15","782","3"
"647","Storfjord","143","193","210","182","209","254","275","272","82","16","0","6","502","1"
"648","Gáivuotna","158","200","203","222","172","305","290","278","147","25","0","9","565","2"
"649","Skjervøy","275","306","347","352","356","384","309","310","133","16","2","22","569","6"
"650","Nordreisa","420","631","573","525","536","691","607","530","205","53","1","23","1013","1"
"651","Kvænangen","89","109","109","105","118","186","150","156","77","19","0","4","308","1"
"652","Guovdageaidnu","321","346","320","363","364","392","351","274","100","15","1","28","506","0"
"653","Loppa","60","60","101","101","89","129","138","110","66","8","0","7","229","1"
"654","Hasvik","87","83","99","132","126","170","120","104","40","8","1","6","188","2"
"655","Måsøy","77","101","97","130","143","178","146","157","77","13","0","9","299","1"
"656","Nordkapp","201","294","388","348","311","487","415","345","112","31","0","17","642","3"
"657","Porsanger","327","394","482","410","406","615","596","443","167","23","0","20","878","1"
"658","Kárásjohka","212","272","367","300","264","389","373","251","90","25","0","13","506","0"
"659","Lebesby","93","117","153","149","129","211","167","134","61","12","0","8","271","0"
"660","Gamvik","82","78","115","147","130","178","137","129","52","6","0","6","231","1"
"661","Berlevåg","66","65","120","110","90","155","134","115","41","12","0","4","221","1"
"662","Deatnu","244","271","304","311","356","455","362","341","137","22","1","19","659","1"
"663","Unjárga","57","89","87","100","95","123","118","126","60","8","1","5","248","1"
"664","Båtsfjord","188","215","297","299","252","339","243","192","80","12","0","12","388","2"
"665","Sør-Varanger","869","1089","1397","1239","1153","1508","1191","916","411","76","1","44","1836","3"
